,tile_name,tile_path,tile_heights,tile_widths,tile_bands,min_utmx,min_utmy,max_utmx,max_utmy,utm_projection,min_lon_tile,min_lat_tile,max_lon_tile,max_lat_tile
0,m_2408126_se_17_060_20191128,//oit-nas-fe13dc.oit.duke.edu//data_commons-borsuk//tiles\m_2408126_se_17_060_20191128.tif,12270,11290,4,417480.3,2716949.7,424253.7,2709588.3000000003,EPSG:26917,-81.8148895267776,24.564309276021802,-81.74761243651545,24.498176167624706
1,m_2508014_se_17_060_20191126,//oit-nas-fe13dc.oit.duke.edu//data_commons-borsuk//tiles\m_2508014_se_17_060_20191126.tif,12260,11180,4,568710.3,2855333.7,575417.7000000001,2847978.3000000003,EPSG:26917,-80.31451276260256,25.814622441930034,-80.24801975401905,25.747877004301813
2,m_2508015_se_17_060_20191120,//oit-nas-fe13dc.oit.duke.edu//data_commons-borsuk//tiles\m_2508015_se_17_060_20191120.tif,12270,11190,4,581244.3,2855411.7,587957.7000000001,2848050.3000000003,EPSG:26917,-80.18947190505705,25.8146832962973,-80.12299106408331,25.747827838456406
